"TimePeriod","GeoTypeDesc","GeoID","GeoRank","BoroID","Borough","Geography","Area","Annual mean mcg/m3","Summer mean mcg/m3","Winter mean mcg/m3"
"2024","Citywide","1","0","-","-","New York City","New York City","6.3","7.9","6.0"
"2024","Borough","1","1","1","Bronx","Bronx","Bronx","6.4","8.2","6.1"
"2024","Borough","2","1","2","Brooklyn","Brooklyn","Brooklyn","6.4","8.1","6.3"
"2024","Borough","3","1","3","Manhattan","Manhattan","Manhattan","7.7","9.6","7.2"
"2024","Borough","4","1","4","Queens","Queens","Queens","5.9","7.5","5.6"
"2024","Borough","5","1","5","Staten Island","Staten Island","Staten Island","5.9","7.3","5.9"
"2024","UHF 34","101","3","1","Bronx","Kingsbridge - Riverdale","Kingsbridge - Riverdale  Bronx","6.3","8.2","6.2"
"2024","UHF 34","102","3","1","Bronx","Northeast Bronx","Northeast Bronx  Bronx","6.1","8.1","5.7"
"2024","UHF 34","103","3","1","Bronx","Fordham - Bronx Pk","Fordham - Bronx Pk  Bronx","6.4","8.3","6.1"
"2024","UHF 34","104","3","1","Bronx","Pelham - Throgs Neck","Pelham - Throgs Neck  Bronx","6.3","8.1","5.8"
"2024","UHF 34","105106107","3","1","Bronx","South Bronx","South Bronx  Bronx","6.7","8.4","6.4"
"2024","UHF 34","201","3","2","Brooklyn","Greenpoint","Greenpoint  Brooklyn","7.4","9.1","7.1"
"2024","UHF 34","202","3","2","Brooklyn","Downtown - Heights - Slope","Downtown - Heights - Slope  Brooklyn","7.2","9.0","7.0"
"2024","UHF 34","203","3","2","Brooklyn","Bedford Stuyvesant - Crown Heights","Bedford Stuyvesant - Crown Heights  Brooklyn","6.6","8.2","6.4"
"2024","UHF 34","204","3","2","Brooklyn","East New York","East New York  Brooklyn","6.3","7.9","6.1"
"2024","UHF 34","205","3","2","Brooklyn","Sunset Park","Sunset Park  Brooklyn","7.1","8.8","6.9"
"2024","UHF 34","206","3","2","Brooklyn","Borough Park","Borough Park  Brooklyn","6.3","8.0","6.2"
"2024","UHF 34","207","3","2","Brooklyn","East Flatbush - Flatbush","East Flatbush - Flatbush  Brooklyn","6.2","7.9","6.1"
"2024","UHF 34","208","3","2","Brooklyn","Canarsie - Flatlands","Canarsie - Flatlands  Brooklyn","5.8","7.4","5.8"
"2024","UHF 34","209","3","2","Brooklyn","Bensonhurst - Bay Ridge","Bensonhurst - Bay Ridge  Brooklyn","6.2","7.9","6.1"
"2024","UHF 34","210","3","2","Brooklyn","Coney Island - Sheepshead Bay","Coney Island - Sheepshead Bay  Brooklyn","5.9","7.5","5.8"
"2024","UHF 34","211","3","2","Brooklyn","Williamsburg - Bushwick","Williamsburg - Bushwick  Brooklyn","7.2","8.9","6.9"
"2024","UHF 34","301","3","3","Manhattan","Washington Heights","Washington Heights  Manhattan","6.7","8.4","6.5"
"2024","UHF 34","302","3","3","Manhattan","Central Harlem - Morningside Heights","Central Harlem - Morningside Heights  Manhattan","6.8","8.5","6.7"
"2024","UHF 34","303","3","3","Manhattan","East Harlem","East Harlem  Manhattan","6.7","8.3","6.6"
"2024","UHF 34","304","3","3","Manhattan","Upper West Side","Upper West Side  Manhattan","6.8","8.4","6.8"
"2024","UHF 34","305307","3","3","Manhattan","Upper East Side-Gramercy","Upper East Side-Gramercy  Manhattan","7.9","9.8","7.4"
"2024","UHF 34","306308","3","3","Manhattan","Chelsea-Village","Chelsea-Village  Manhattan","9.3","11.4","8.2"
"2024","UHF 34","309310","3","3","Manhattan","Union Square-Lower Manhattan","Union Square-Lower Manhattan  Manhattan","8.3","10.3","7.6"
"2024","UHF 34","401","3","4","Queens","Long Island City - Astoria","Long Island City - Astoria  Queens","7.3","9.0","7.0"
"2024","UHF 34","402","3","4","Queens","West Queens","West Queens  Queens","6.8","8.4","6.5"
"2024","UHF 34","403","3","4","Queens","Flushing - Clearview","Flushing - Clearview  Queens","6.0","7.6","5.6"
"2024","UHF 34","405","3","4","Queens","Ridgewood - Forest Hills","Ridgewood - Forest Hills  Queens","6.2","7.8","6.1"
"2024","UHF 34","407","3","4","Queens","Southwest Queens","Southwest Queens  Queens","5.8","7.3","5.6"
"2024","UHF 34","408","3","4","Queens","Jamaica","Jamaica  Queens","5.8","7.3","5.4"
"2024","UHF 34","409","3","4","Queens","Southeast Queens","Southeast Queens  Queens","5.4","6.9","5.0"
"2024","UHF 34","410","3","4","Queens","Rockaways","Rockaways  Queens","5.3","6.7","5.1"
"2024","UHF 34","404406","3","4","Queens","Bayside Little Neck-Fresh Meadows","Bayside Little Neck-Fresh Meadows  Queens","5.5","7.1","5.1"
"2024","UHF 34","501502","3","5","Staten Island","Northern SI","Northern SI  Staten Island","6.2","7.7","6.2"
"2024","UHF 34","503504","3","5","Staten Island","Southern SI","Southern SI  Staten Island","5.9","7.1","5.7"
"2024","UHF 42","101","4","1","Bronx","Kingsbridge - Riverdale","Kingsbridge - Riverdale  Bronx","6.3","8.2","6.2"
"2024","UHF 42","102","4","1","Bronx","Northeast Bronx","Northeast Bronx  Bronx","6.1","8.1","5.7"
"2024","UHF 42","103","4","1","Bronx","Fordham - Bronx Pk","Fordham - Bronx Pk  Bronx","6.4","8.3","6.1"
"2024","UHF 42","104","4","1","Bronx","Pelham - Throgs Neck","Pelham - Throgs Neck  Bronx","6.3","8.1","5.8"
"2024","UHF 42","105","4","1","Bronx","Crotona - Tremont","Crotona - Tremont  Bronx","6.6","8.4","6.3"
"2024","UHF 42","106","4","1","Bronx","High Bridge - Morrisania","High Bridge - Morrisania  Bronx","6.6","8.2","6.4"
"2024","UHF 42","107","4","1","Bronx","Hunts Point - Mott Haven","Hunts Point - Mott Haven  Bronx","6.9","8.5","6.6"
"2024","UHF 42","201","4","2","Brooklyn","Greenpoint","Greenpoint  Brooklyn","7.4","9.1","7.1"
"2024","UHF 42","202","4","2","Brooklyn","Downtown - Heights - Slope","Downtown - Heights - Slope  Brooklyn","7.2","9.0","7.0"
"2024","UHF 42","203","4","2","Brooklyn","Bedford Stuyvesant - Crown Heights","Bedford Stuyvesant - Crown Heights  Brooklyn","6.6","8.2","6.4"
"2024","UHF 42","204","4","2","Brooklyn","East New York","East New York  Brooklyn","6.3","7.9","6.1"
"2024","UHF 42","205","4","2","Brooklyn","Sunset Park","Sunset Park  Brooklyn","7.1","8.8","6.9"
"2024","UHF 42","206","4","2","Brooklyn","Borough Park","Borough Park  Brooklyn","6.3","8.0","6.2"
"2024","UHF 42","207","4","2","Brooklyn","East Flatbush - Flatbush","East Flatbush - Flatbush  Brooklyn","6.2","7.9","6.1"
"2024","UHF 42","208","4","2","Brooklyn","Canarsie - Flatlands","Canarsie - Flatlands  Brooklyn","5.8","7.4","5.8"
"2024","UHF 42","209","4","2","Brooklyn","Bensonhurst - Bay Ridge","Bensonhurst - Bay Ridge  Brooklyn","6.2","7.9","6.1"
"2024","UHF 42","210","4","2","Brooklyn","Coney Island - Sheepshead Bay","Coney Island - Sheepshead Bay  Brooklyn","5.9","7.5","5.8"
"2024","UHF 42","211","4","2","Brooklyn","Williamsburg - Bushwick","Williamsburg - Bushwick  Brooklyn","7.2","8.9","6.9"
"2024","UHF 42","301","4","3","Manhattan","Washington Heights","Washington Heights  Manhattan","6.7","8.4","6.5"
"2024","UHF 42","302","4","3","Manhattan","Central Harlem - Morningside Heights","Central Harlem - Morningside Heights  Manhattan","6.8","8.5","6.7"
"2024","UHF 42","303","4","3","Manhattan","East Harlem","East Harlem  Manhattan","6.7","8.3","6.6"
"2024","UHF 42","304","4","3","Manhattan","Upper West Side","Upper West Side  Manhattan","6.8","8.4","6.8"
"2024","UHF 42","305","4","3","Manhattan","Upper East Side","Upper East Side  Manhattan","7.0","8.7","6.8"
"2024","UHF 42","306","4","3","Manhattan","Chelsea - Clinton","Chelsea - Clinton  Manhattan","9.5","11.6","8.4"
"2024","UHF 42","307","4","3","Manhattan","Gramercy Park - Murray Hill","Gramercy Park - Murray Hill  Manhattan","8.9","10.9","7.9"
"2024","UHF 42","308","4","3","Manhattan","Greenwich Village - SoHo","Greenwich Village - SoHo  Manhattan","8.9","11.0","8.0"
"2024","UHF 42","309","4","3","Manhattan","Union Square - Lower East Side","Union Square - Lower East Side  Manhattan","8.4","10.5","7.7"
"2024","UHF 42","310","4","3","Manhattan","Lower Manhattan","Lower Manhattan  Manhattan","8.0","9.9","7.5"
"2024","UHF 42","401","4","4","Queens","Long Island City - Astoria","Long Island City - Astoria  Queens","7.3","9.0","7.0"
"2024","UHF 42","402","4","4","Queens","West Queens","West Queens  Queens","6.8","8.4","6.5"
"2024","UHF 42","403","4","4","Queens","Flushing - Clearview","Flushing - Clearview  Queens","6.0","7.6","5.6"
"2024","UHF 42","404","4","4","Queens","Bayside - Little Neck","Bayside - Little Neck  Queens","5.5","7.1","5.0"
"2024","UHF 42","405","4","4","Queens","Ridgewood - Forest Hills","Ridgewood - Forest Hills  Queens","6.2","7.8","6.1"
"2024","UHF 42","406","4","4","Queens","Fresh Meadows","Fresh Meadows  Queens","5.6","7.1","5.3"
"2024","UHF 42","407","4","4","Queens","Southwest Queens","Southwest Queens  Queens","5.8","7.3","5.6"
"2024","UHF 42","408","4","4","Queens","Jamaica","Jamaica  Queens","5.8","7.3","5.4"
"2024","UHF 42","409","4","4","Queens","Southeast Queens","Southeast Queens  Queens","5.4","6.9","5.0"
"2024","UHF 42","410","4","4","Queens","Rockaways","Rockaways  Queens","5.3","6.7","5.1"
"2024","UHF 42","501","4","5","Staten Island","Port Richmond","Port Richmond  Staten Island","6.4","7.9","6.4"
"2024","UHF 42","502","4","5","Staten Island","Stapleton - St. George","Stapleton - St. George  Staten Island","6.1","7.6","6.1"
"2024","UHF 42","503","4","5","Staten Island","Willowbrook","Willowbrook  Staten Island","6.0","7.4","6.0"
"2024","UHF 42","504","4","5","Staten Island","South Beach - Tottenville","South Beach - Tottenville  Staten Island","5.8","7.0","5.6"
"2024","Community District","201","6","1","Bronx","Mott Haven and Melrose (CD1)","Mott Haven and Melrose (CD1)  Bronx","6.8","8.4","6.6"
"2024","Community District","202","6","1","Bronx","Hunts Point and Longwood (CD2)","Hunts Point and Longwood (CD2)  Bronx","7.2","8.9","6.8"
"2024","Community District","203","6","1","Bronx","Morrisania and Crotona (CD3)","Morrisania and Crotona (CD3)  Bronx","6.8","8.5","6.4"
"2024","Community District","204","6","1","Bronx","Highbridge and Concourse (CD4)","Highbridge and Concourse (CD4)  Bronx","6.5","8.2","6.4"
"2024","Community District","205","6","1","Bronx","Fordham and University Heights (CD5)","Fordham and University Heights (CD5)  Bronx","6.5","8.2","6.3"
"2024","Community District","206","6","1","Bronx","Belmont and East Tremont (CD6)","Belmont and East Tremont (CD6)  Bronx","6.6","8.5","6.3"
"2024","Community District","207","6","1","Bronx","Kingsbridge Heights and Bedford (CD7)","Kingsbridge Heights and Bedford (CD7)  Bronx","6.5","8.3","6.2"
"2024","Community District","208","6","1","Bronx","Riverdale and Fieldston (CD8)","Riverdale and Fieldston (CD8)  Bronx","6.3","8.2","6.1"
"2024","Community District","209","6","1","Bronx","Parkchester and Soundview (CD9)","Parkchester and Soundview (CD9)  Bronx","6.4","8.2","6.1"
"2024","Community District","210","6","1","Bronx","Throgs Neck and Co-op City (CD10)","Throgs Neck and Co-op City (CD10)  Bronx","6.0","7.9","5.6"
"2024","Community District","211","6","1","Bronx","Morris Park and Bronxdale (CD11)","Morris Park and Bronxdale (CD11)  Bronx","6.3","8.2","5.9"
"2024","Community District","212","6","1","Bronx","Williamsbridge and Baychester (CD12)","Williamsbridge and Baychester (CD12)  Bronx","6.2","8.2","5.8"
"2024","Community District","301","6","2","Brooklyn","Greenpoint and Williamsburg (CD1)","Greenpoint and Williamsburg (CD1)  Brooklyn","7.5","9.2","7.2"
"2024","Community District","302","6","2","Brooklyn","Fort Greene and Brooklyn Heights (CD2)","Fort Greene and Brooklyn Heights (CD2)  Brooklyn","7.2","9.0","7.0"
"2024","Community District","303","6","2","Brooklyn","Bedford Stuyvesant (CD3)","Bedford Stuyvesant (CD3)  Brooklyn","6.8","8.5","6.6"
"2024","Community District","304","6","2","Brooklyn","Bushwick (CD4)","Bushwick (CD4)  Brooklyn","6.9","8.6","6.7"
"2024","Community District","305","6","2","Brooklyn","East New York and Starrett City (CD5)","East New York and Starrett City (CD5)  Brooklyn","6.2","7.8","6.1"
"2024","Community District","306","6","2","Brooklyn","Park Slope and Carroll Gardens (CD6)","Park Slope and Carroll Gardens (CD6)  Brooklyn","7.3","9.1","7.0"
"2024","Community District","307","6","2","Brooklyn","Sunset Park (CD7)","Sunset Park (CD7)  Brooklyn","7.0","8.8","6.8"
"2024","Community District","308","6","2","Brooklyn","Crown Heights and Prospect Heights (CD8)","Crown Heights and Prospect Heights (CD8)  Brooklyn","6.8","8.5","6.6"
"2024","Community District","309","6","2","Brooklyn","South Crown Heights and Lefferts Gardens (CD9)","South Crown Heights and Lefferts Gardens (CD9)  Brooklyn","6.3","8.0","6.2"
"2024","Community District","310","6","2","Brooklyn","Bay Ridge and Dyker Heights (CD10)","Bay Ridge and Dyker Heights (CD10)  Brooklyn","6.4","8.1","6.3"
"2024","Community District","311","6","2","Brooklyn","Bensonhurst (CD11)","Bensonhurst (CD11)  Brooklyn","6.1","7.8","6.0"
"2024","Community District","312","6","2","Brooklyn","Borough Park (CD12)","Borough Park (CD12)  Brooklyn","6.4","8.1","6.3"
"2024","Community District","313","6","2","Brooklyn","Coney Island (CD13)","Coney Island (CD13)  Brooklyn","5.9","7.6","5.8"
"2024","Community District","314","6","2","Brooklyn","Flatbush and Midwood (CD14)","Flatbush and Midwood (CD14)  Brooklyn","6.2","7.9","6.1"
"2024","Community District","315","6","2","Brooklyn","Sheepshead Bay (CD15)","Sheepshead Bay (CD15)  Brooklyn","5.9","7.5","5.8"
"2024","Community District","316","6","2","Brooklyn","Brownsville (CD16)","Brownsville (CD16)  Brooklyn","6.3","8.0","6.2"
"2024","Community District","317","6","2","Brooklyn","East Flatbush (CD17)","East Flatbush (CD17)  Brooklyn","6.2","7.9","6.1"
"2024","Community District","318","6","2","Brooklyn","Flatlands and Canarsie (CD18)","Flatlands and Canarsie (CD18)  Brooklyn","5.8","7.4","5.8"
"2024","Community District","101","6","3","Manhattan","Financial District (CD1)","Financial District (CD1)  Manhattan","8.1","10.0","7.5"
"2024","Community District","102","6","3","Manhattan","Greenwich Village and Soho (CD2)","Greenwich Village and Soho (CD2)  Manhattan","9.4","11.6","8.3"
"2024","Community District","103","6","3","Manhattan","Lower East Side and Chinatown (CD3)","Lower East Side and Chinatown (CD3)  Manhattan","8.1","10.0","7.5"
"2024","Community District","104","6","3","Manhattan","Clinton and Chelsea (CD4)","Clinton and Chelsea (CD4)  Manhattan","8.8","10.8","8.0"
"2024","Community District","105","6","3","Manhattan","Midtown (CD5)","Midtown (CD5)  Manhattan","10.5","12.8","8.8"
"2024","Community District","106","6","3","Manhattan","Stuyvesant Town and Turtle Bay (CD6)","Stuyvesant Town and Turtle Bay (CD6)  Manhattan","8.4","10.3","7.6"
"2024","Community District","107","6","3","Manhattan","Upper West Side (CD7)","Upper West Side (CD7)  Manhattan","6.8","8.3","6.7"
"2024","Community District","108","6","3","Manhattan","Upper East Side (CD8)","Upper East Side (CD8)  Manhattan","7.1","8.7","6.9"
"2024","Community District","109","6","3","Manhattan","Morningside Heights and Hamilton Heights (CD9)","Morningside Heights and Hamilton Heights (CD9)  Manhattan","6.8","8.5","6.7"
"2024","Community District","110","6","3","Manhattan","Central Harlem (CD10)","Central Harlem (CD10)  Manhattan","6.8","8.5","6.7"
"2024","Community District","111","6","3","Manhattan","East Harlem (CD11)","East Harlem (CD11)  Manhattan","6.7","8.3","6.6"
"2024","Community District","112","6","3","Manhattan","Washington Heights and Inwood (CD12)","Washington Heights and Inwood (CD12)  Manhattan","6.6","8.4","6.5"
"2024","Community District","401","6","4","Queens","Long Island City and Astoria (CD1)","Long Island City and Astoria (CD1)  Queens","6.9","8.5","6.6"
"2024","Community District","402","6","4","Queens","Woodside and Sunnyside (CD2)","Woodside and Sunnyside (CD2)  Queens","7.4","9.0","7.1"
"2024","Community District","403","6","4","Queens","Jackson Heights (CD3)","Jackson Heights (CD3)  Queens","6.4","8.1","6.2"
"2024","Community District","404","6","4","Queens","Elmhurst and Corona (CD4)","Elmhurst and Corona (CD4)  Queens","6.5","8.1","6.2"
"2024","Community District","405","6","4","Queens","Ridgewood and Maspeth (CD5)","Ridgewood and Maspeth (CD5)  Queens","6.6","8.1","6.4"
"2024","Community District","406","6","4","Queens","Rego Park and Forest Hills (CD6)","Rego Park and Forest Hills (CD6)  Queens","5.9","7.4","5.8"
"2024","Community District","407","6","4","Queens","Flushing and Whitestone (CD7)","Flushing and Whitestone (CD7)  Queens","6.0","7.6","5.6"
"2024","Community District","408","6","4","Queens","Hillcrest and Fresh Meadows (CD8)","Hillcrest and Fresh Meadows (CD8)  Queens","5.6","7.1","5.3"
"2024","Community District","409","6","4","Queens","Kew Gardens and Woodhaven (CD9)","Kew Gardens and Woodhaven (CD9)  Queens","6.1","7.6","5.8"
"2024","Community District","410","6","4","Queens","South Ozone Park and Howard Beach (CD10)","South Ozone Park and Howard Beach (CD10)  Queens","5.7","7.1","5.5"
"2024","Community District","411","6","4","Queens","Bayside and Little Neck (CD11)","Bayside and Little Neck (CD11)  Queens","5.5","7.1","5.0"
"2024","Community District","412","6","4","Queens","Jamaica and Hollis (CD12)","Jamaica and Hollis (CD12)  Queens","5.7","7.2","5.4"
"2024","Community District","413","6","4","Queens","Queens Village (CD13)","Queens Village (CD13)  Queens","5.4","7.0","5.0"
"2024","Community District","414","6","4","Queens","Rockaway and Broad Channel (CD14)","Rockaway and Broad Channel (CD14)  Queens","5.3","6.7","5.1"
"2024","Community District","501","6","5","Staten Island","St. George and Stapleton (CD1)","St. George and Stapleton (CD1)  Staten Island","6.3","7.8","6.3"
"2024","Community District","502","6","5","Staten Island","South Beach and Willowbrook (CD2)","South Beach and Willowbrook (CD2)  Staten Island","6.0","7.4","5.9"
"2024","Community District","503","6","5","Staten Island","Tottenville and Great Kills (CD3)","Tottenville and Great Kills (CD3)  Staten Island","5.7","7.0","5.6"