unique_id,indicator_id,name,measure,measure_info,geo_type_name,geo_join_id,geo_place_name,time_period,start_date,data_value
979145,1425,Fine particles (PM 2.5),Annual mean,mcg/m3,CD,210,Throgs Neck and Co-op City (CD10),2024,2024-01-01T00:00:00.000,6.036054096
979146,1425,Fine particles (PM 2.5),Annual mean,mcg/m3,CD,209,Parkchester and Soundview (CD9),2024,2024-01-01T00:00:00.000,6.449908226
979147,1425,Fine particles (PM 2.5),Annual mean,mcg/m3,CD,208,Riverdale and Fieldston (CD8),2024,2024-01-01T00:00:00.000,6.333094323
979148,1425,Fine particles (PM 2.5),Annual mean,mcg/m3,CD,207,Kingsbridge Heights and Bedford (CD7),2024,2024-01-01T00:00:00.000,6.450779462
979149,1425,Fine particles (PM 2.5),Annual mean,mcg/m3,CD,206,Belmont and East Tremont (CD6),2024,2024-01-01T00:00:00.000,6.625871497
979150,1425,Fine particles (PM 2.5),Annual mean,mcg/m3,CD,205,Fordham and University Heights (CD5),2024,2024-01-01T00:00:00.000,6.464715642
979151,1425,Fine particles (PM 2.5),Annual mean,mcg/m3,CD,204,Highbridge and Concourse (CD4),2024,2024-01-01T00:00:00.000,6.507067361
979152,1425,Fine particles (PM 2.5),Annual mean,mcg/m3,CD,203,Morrisania and Crotona (CD3),2024,2024-01-01T00:00:00.000,6.765246623
979153,1425,Fine particles (PM 2.5),Annual mean,mcg/m3,CD,202,Hunts Point and Longwood (CD2),2024,2024-01-01T00:00:00.000,7.220022773
979154,1425,Fine particles (PM 2.5),Annual mean,mcg/m3,CD,201,Mott Haven and Melrose (CD1),2024,2024-01-01T00:00:00.000,6.79537083
979155,1425,Fine particles (PM 2.5),Annual mean,mcg/m3,CD,112,Washington Heights and Inwood (CD12),2024,2024-01-01T00:00:00.000,6.623322619
979156,1425,Fine particles (PM 2.5),Annual mean,mcg/m3,CD,111,East Harlem (CD11),2024,2024-01-01T00:00:00.000,6.683947531
979157,1425,Fine particles (PM 2.5),Annual mean,mcg/m3,CD,110,Central Harlem (CD10),2024,2024-01-01T00:00:00.000,6.847964651
979158,1425,Fine particles (PM 2.5),Annual mean,mcg/m3,CD,109,Morningside Heights and Hamilton Heights (CD9),2024,2024-01-01T00:00:00.000,6.831355099
979159,1425,Fine particles (PM 2.5),Annual mean,mcg/m3,CD,108,Upper East Side (CD8),2024,2024-01-01T00:00:00.000,7.055602758
979160,1425,Fine particles (PM 2.5),Annual mean,mcg/m3,CD,107,Upper West Side (CD7),2024,2024-01-01T00:00:00.000,6.758897028
979161,1425,Fine particles (PM 2.5),Annual mean,mcg/m3,CD,106,Stuyvesant Town and Turtle Bay (CD6),2024,2024-01-01T00:00:00.000,8.375131708
979162,1425,Fine particles (PM 2.5),Annual mean,mcg/m3,CD,105,Midtown (CD5),2024,2024-01-01T00:00:00.000,10.45338289
979163,1425,Fine particles (PM 2.5),Annual mean,mcg/m3,CD,104,Clinton and Chelsea (CD4),2024,2024-01-01T00:00:00.000,8.782176536
979164,1425,Fine particles (PM 2.5),Annual mean,mcg/m3,CD,103,Lower East Side and Chinatown (CD3),2024,2024-01-01T00:00:00.000,8.095914921
979165,1425,Fine particles (PM 2.5),Annual mean,mcg/m3,CD,102,Greenwich Village and Soho (CD2),2024,2024-01-01T00:00:00.000,9.436341208
979166,1425,Fine particles (PM 2.5),Annual mean,mcg/m3,CD,101,Financial District (CD1),2024,2024-01-01T00:00:00.000,8.058822954
979283,1426,Fine particles (PM 2.5),Summer mean,mcg/m3,CD,503,Tottenville and Great Kills (CD3),2024,2024-01-01T00:00:00.000,6.955618052
979284,1426,Fine particles (PM 2.5),Summer mean,mcg/m3,CD,502,South Beach and Willowbrook (CD2),2024,2024-01-01T00:00:00.000,7.371257053
979285,1426,Fine particles (PM 2.5),Summer mean,mcg/m3,CD,501,St. George and Stapleton (CD1),2024,2024-01-01T00:00:00.000,7.773820487
979286,1426,Fine particles (PM 2.5),Summer mean,mcg/m3,CD,414,Rockaway and Broad Channel (CD14),2024,2024-01-01T00:00:00.000,6.703532849
979287,1426,Fine particles (PM 2.5),Summer mean,mcg/m3,CD,413,Queens Village (CD13),2024,2024-01-01T00:00:00.000,6.963338278
979288,1426,Fine particles (PM 2.5),Summer mean,mcg/m3,CD,412,Jamaica and Hollis (CD12),2024,2024-01-01T00:00:00.000,7.246356477
979289,1426,Fine particles (PM 2.5),Summer mean,mcg/m3,CD,411,Bayside and Little Neck (CD11),2024,2024-01-01T00:00:00.000,7.075653794
979290,1426,Fine particles (PM 2.5),Summer mean,mcg/m3,CD,410,South Ozone Park and Howard Beach (CD10),2024,2024-01-01T00:00:00.000,7.128669282
979291,1426,Fine particles (PM 2.5),Summer mean,mcg/m3,CD,409,Kew Gardens and Woodhaven (CD9),2024,2024-01-01T00:00:00.000,7.612745636
979292,1426,Fine particles (PM 2.5),Summer mean,mcg/m3,CD,408,Hillcrest and Fresh Meadows (CD8),2024,2024-01-01T00:00:00.000,7.073406517
979293,1426,Fine particles (PM 2.5),Summer mean,mcg/m3,CD,407,Flushing and Whitestone (CD7),2024,2024-01-01T00:00:00.000,7.640030378
979294,1426,Fine particles (PM 2.5),Summer mean,mcg/m3,CD,406,Rego Park and Forest Hills (CD6),2024,2024-01-01T00:00:00.000,7.428581496
979295,1426,Fine particles (PM 2.5),Summer mean,mcg/m3,CD,405,Ridgewood and Maspeth (CD5),2024,2024-01-01T00:00:00.000,8.108938929
979296,1426,Fine particles (PM 2.5),Summer mean,mcg/m3,CD,404,Elmhurst and Corona (CD4),2024,2024-01-01T00:00:00.000,8.144787842
979297,1426,Fine particles (PM 2.5),Summer mean,mcg/m3,CD,403,Jackson Heights (CD3),2024,2024-01-01T00:00:00.000,8.050703884
979298,1426,Fine particles (PM 2.5),Summer mean,mcg/m3,CD,402,Woodside and Sunnyside (CD2),2024,2024-01-01T00:00:00.000,8.987090415
979299,1426,Fine particles (PM 2.5),Summer mean,mcg/m3,CD,401,Long Island City and Astoria (CD1),2024,2024-01-01T00:00:00.000,8.512916909
979300,1426,Fine particles (PM 2.5),Summer mean,mcg/m3,CD,318,Flatlands and Canarsie (CD18),2024,2024-01-01T00:00:00.000,7.3692186
979301,1426,Fine particles (PM 2.5),Summer mean,mcg/m3,CD,317,East Flatbush (CD17),2024,2024-01-01T00:00:00.000,7.882392514
979302,1426,Fine particles (PM 2.5),Summer mean,mcg/m3,CD,316,Brownsville (CD16),2024,2024-01-01T00:00:00.000,7.95308216
979303,1426,Fine particles (PM 2.5),Summer mean,mcg/m3,CD,315,Sheepshead Bay (CD15),2024,2024-01-01T00:00:00.000,7.48696394
979304,1426,Fine particles (PM 2.5),Summer mean,mcg/m3,CD,314,Flatbush and Midwood (CD14),2024,2024-01-01T00:00:00.000,7.870191891
979305,1426,Fine particles (PM 2.5),Summer mean,mcg/m3,CD,313,Coney Island (CD13),2024,2024-01-01T00:00:00.000,7.562668827
979306,1426,Fine particles (PM 2.5),Summer mean,mcg/m3,CD,312,Borough Park (CD12),2024,2024-01-01T00:00:00.000,8.092792885
979307,1426,Fine particles (PM 2.5),Summer mean,mcg/m3,CD,311,Bensonhurst (CD11),2024,2024-01-01T00:00:00.000,7.806226726
979308,1426,Fine particles (PM 2.5),Summer mean,mcg/m3,CD,310,Bay Ridge and Dyker Heights (CD10),2024,2024-01-01T00:00:00.000,8.109451161
979309,1426,Fine particles (PM 2.5),Summer mean,mcg/m3,CD,309,South Crown Heights and Lefferts Gardens (CD9),2024,2024-01-01T00:00:00.000,8.002251049
979310,1426,Fine particles (PM 2.5),Summer mean,mcg/m3,CD,308,Crown Heights and Prospect Heights (CD8),2024,2024-01-01T00:00:00.000,8.509217211
979311,1426,Fine particles (PM 2.5),Summer mean,mcg/m3,CD,307,Sunset Park (CD7),2024,2024-01-01T00:00:00.000,8.780837012
979312,1426,Fine particles (PM 2.5),Summer mean,mcg/m3,CD,306,Park Slope and Carroll Gardens (CD6),2024,2024-01-01T00:00:00.000,9.050427103
979313,1426,Fine particles (PM 2.5),Summer mean,mcg/m3,CD,305,East New York and Starrett City (CD5),2024,2024-01-01T00:00:00.000,7.782354015
979314,1426,Fine particles (PM 2.5),Summer mean,mcg/m3,CD,304,Bushwick (CD4),2024,2024-01-01T00:00:00.000,8.594404357
979315,1426,Fine particles (PM 2.5),Summer mean,mcg/m3,CD,303,Bedford Stuyvesant (CD3),2024,2024-01-01T00:00:00.000,8.505651016
979316,1426,Fine particles (PM 2.5),Summer mean,mcg/m3,CD,302,Fort Greene and Brooklyn Heights (CD2),2024,2024-01-01T00:00:00.000,9.02008474
979317,1426,Fine particles (PM 2.5),Summer mean,mcg/m3,CD,301,Greenpoint and Williamsburg (CD1),2024,2024-01-01T00:00:00.000,9.202391513
979318,1426,Fine particles (PM 2.5),Summer mean,mcg/m3,CD,212,Williamsbridge and Baychester (CD12),2024,2024-01-01T00:00:00.000,8.162394917
979319,1426,Fine particles (PM 2.5),Summer mean,mcg/m3,CD,211,Morris Park and Bronxdale (CD11),2024,2024-01-01T00:00:00.000,8.214561718
979320,1426,Fine particles (PM 2.5),Summer mean,mcg/m3,CD,210,Throgs Neck and Co-op City (CD10),2024,2024-01-01T00:00:00.000,7.879873633
979321,1426,Fine particles (PM 2.5),Summer mean,mcg/m3,CD,209,Parkchester and Soundview (CD9),2024,2024-01-01T00:00:00.000,8.224675596
979322,1426,Fine particles (PM 2.5),Summer mean,mcg/m3,CD,208,Riverdale and Fieldston (CD8),2024,2024-01-01T00:00:00.000,8.224736999
979323,1426,Fine particles (PM 2.5),Summer mean,mcg/m3,CD,207,Kingsbridge Heights and Bedford (CD7),2024,2024-01-01T00:00:00.000,8.346116184
979324,1426,Fine particles (PM 2.5),Summer mean,mcg/m3,CD,206,Belmont and East Tremont (CD6),2024,2024-01-01T00:00:00.000,8.474916127
979325,1426,Fine particles (PM 2.5),Summer mean,mcg/m3,CD,205,Fordham and University Heights (CD5),2024,2024-01-01T00:00:00.000,8.230749273
979326,1426,Fine particles (PM 2.5),Summer mean,mcg/m3,CD,204,Highbridge and Concourse (CD4),2024,2024-01-01T00:00:00.000,8.171849018
979327,1426,Fine particles (PM 2.5),Summer mean,mcg/m3,CD,203,Morrisania and Crotona (CD3),2024,2024-01-01T00:00:00.000,8.521794977
979328,1426,Fine particles (PM 2.5),Summer mean,mcg/m3,CD,202,Hunts Point and Longwood (CD2),2024,2024-01-01T00:00:00.000,8.936051725
979329,1426,Fine particles (PM 2.5),Summer mean,mcg/m3,CD,201,Mott Haven and Melrose (CD1),2024,2024-01-01T00:00:00.000,8.399981948
979330,1426,Fine particles (PM 2.5),Summer mean,mcg/m3,CD,112,Washington Heights and Inwood (CD12),2024,2024-01-01T00:00:00.000,8.381993288
979331,1426,Fine particles (PM 2.5),Summer mean,mcg/m3,CD,111,East Harlem (CD11),2024,2024-01-01T00:00:00.000,8.29962826
979332,1426,Fine particles (PM 2.5),Summer mean,mcg/m3,CD,110,Central Harlem (CD10),2024,2024-01-01T00:00:00.000,8.510440366
979333,1426,Fine particles (PM 2.5),Summer mean,mcg/m3,CD,109,Morningside Heights and Hamilton Heights (CD9),2024,2024-01-01T00:00:00.000,8.474529098
979334,1426,Fine particles (PM 2.5),Summer mean,mcg/m3,CD,108,Upper East Side (CD8),2024,2024-01-01T00:00:00.000,8.726573544
979335,1426,Fine particles (PM 2.5),Summer mean,mcg/m3,CD,107,Upper West Side (CD7),2024,2024-01-01T00:00:00.000,8.34018597
979336,1426,Fine particles (PM 2.5),Summer mean,mcg/m3,CD,106,Stuyvesant Town and Turtle Bay (CD6),2024,2024-01-01T00:00:00.000,10.33588954
979337,1426,Fine particles (PM 2.5),Summer mean,mcg/m3,CD,105,Midtown (CD5),2024,2024-01-01T00:00:00.000,12.78594415
979338,1426,Fine particles (PM 2.5),Summer mean,mcg/m3,CD,104,Clinton and Chelsea (CD4),2024,2024-01-01T00:00:00.000,10.75049854
979339,1426,Fine particles (PM 2.5),Summer mean,mcg/m3,CD,103,Lower East Side and Chinatown (CD3),2024,2024-01-01T00:00:00.000,10.04987636
979340,1426,Fine particles (PM 2.5),Summer mean,mcg/m3,CD,102,Greenwich Village and Soho (CD2),2024,2024-01-01T00:00:00.000,11.62141805
979341,1426,Fine particles (PM 2.5),Summer mean,mcg/m3,CD,101,Financial District (CD1),2024,2024-01-01T00:00:00.000,10.01391228
979424,1425,Fine particles (PM 2.5),Annual mean,mcg/m3,CD,503,Tottenville and Great Kills (CD3),2024,2024-01-01T00:00:00.000,5.738345711
979425,1425,Fine particles (PM 2.5),Annual mean,mcg/m3,CD,502,South Beach and Willowbrook (CD2),2024,2024-01-01T00:00:00.000,5.959910744
979426,1425,Fine particles (PM 2.5),Annual mean,mcg/m3,CD,501,St. George and Stapleton (CD1),2024,2024-01-01T00:00:00.000,6.259405787
979427,1425,Fine particles (PM 2.5),Annual mean,mcg/m3,CD,414,Rockaway and Broad Channel (CD14),2024,2024-01-01T00:00:00.000,5.264501728
979428,1425,Fine particles (PM 2.5),Annual mean,mcg/m3,CD,413,Queens Village (CD13),2024,2024-01-01T00:00:00.000,5.432256201
979429,1425,Fine particles (PM 2.5),Annual mean,mcg/m3,CD,412,Jamaica and Hollis (CD12),2024,2024-01-01T00:00:00.000,5.748199047
979430,1425,Fine particles (PM 2.5),Annual mean,mcg/m3,CD,411,Bayside and Little Neck (CD11),2024,2024-01-01T00:00:00.000,5.475896508
979431,1425,Fine particles (PM 2.5),Annual mean,mcg/m3,CD,410,South Ozone Park and Howard Beach (CD10),2024,2024-01-01T00:00:00.000,5.656333387
979432,1425,Fine particles (PM 2.5),Annual mean,mcg/m3,CD,409,Kew Gardens and Woodhaven (CD9),2024,2024-01-01T00:00:00.000,6.099761786
979433,1425,Fine particles (PM 2.5),Annual mean,mcg/m3,CD,408,Hillcrest and Fresh Meadows (CD8),2024,2024-01-01T00:00:00.000,5.58126489
979434,1425,Fine particles (PM 2.5),Annual mean,mcg/m3,CD,407,Flushing and Whitestone (CD7),2024,2024-01-01T00:00:00.000,6.016332032
979435,1425,Fine particles (PM 2.5),Annual mean,mcg/m3,CD,406,Rego Park and Forest Hills (CD6),2024,2024-01-01T00:00:00.000,5.927647782
979436,1425,Fine particles (PM 2.5),Annual mean,mcg/m3,CD,405,Ridgewood and Maspeth (CD5),2024,2024-01-01T00:00:00.000,6.562292145
979437,1425,Fine particles (PM 2.5),Annual mean,mcg/m3,CD,404,Elmhurst and Corona (CD4),2024,2024-01-01T00:00:00.000,6.54439382
979438,1425,Fine particles (PM 2.5),Annual mean,mcg/m3,CD,403,Jackson Heights (CD3),2024,2024-01-01T00:00:00.000,6.439424211
979439,1425,Fine particles (PM 2.5),Annual mean,mcg/m3,CD,402,Woodside and Sunnyside (CD2),2024,2024-01-01T00:00:00.000,7.367305672
979440,1425,Fine particles (PM 2.5),Annual mean,mcg/m3,CD,401,Long Island City and Astoria (CD1),2024,2024-01-01T00:00:00.000,6.884477807
979441,1425,Fine particles (PM 2.5),Annual mean,mcg/m3,CD,318,Flatlands and Canarsie (CD18),2024,2024-01-01T00:00:00.000,5.802268118
979442,1425,Fine particles (PM 2.5),Annual mean,mcg/m3,CD,317,East Flatbush (CD17),2024,2024-01-01T00:00:00.000,6.229798506
979443,1425,Fine particles (PM 2.5),Annual mean,mcg/m3,CD,316,Brownsville (CD16),2024,2024-01-01T00:00:00.000,6.339249248
979444,1425,Fine particles (PM 2.5),Annual mean,mcg/m3,CD,315,Sheepshead Bay (CD15),2024,2024-01-01T00:00:00.000,5.862965253
979445,1425,Fine particles (PM 2.5),Annual mean,mcg/m3,CD,314,Flatbush and Midwood (CD14),2024,2024-01-01T00:00:00.000,6.17714604
979446,1425,Fine particles (PM 2.5),Annual mean,mcg/m3,CD,313,Coney Island (CD13),2024,2024-01-01T00:00:00.000,5.935800293
979447,1425,Fine particles (PM 2.5),Annual mean,mcg/m3,CD,312,Borough Park (CD12),2024,2024-01-01T00:00:00.000,6.374177148
979448,1425,Fine particles (PM 2.5),Annual mean,mcg/m3,CD,311,Bensonhurst (CD11),2024,2024-01-01T00:00:00.000,6.119479394
979449,1425,Fine particles (PM 2.5),Annual mean,mcg/m3,CD,310,Bay Ridge and Dyker Heights (CD10),2024,2024-01-01T00:00:00.000,6.387986548
979450,1425,Fine particles (PM 2.5),Annual mean,mcg/m3,CD,309,South Crown Heights and Lefferts Gardens (CD9),2024,2024-01-01T00:00:00.000,6.311201205
979451,1425,Fine particles (PM 2.5),Annual mean,mcg/m3,CD,308,Crown Heights and Prospect Heights (CD8),2024,2024-01-01T00:00:00.000,6.773612773
979452,1425,Fine particles (PM 2.5),Annual mean,mcg/m3,CD,307,Sunset Park (CD7),2024,2024-01-01T00:00:00.000,7.025956057
979453,1425,Fine particles (PM 2.5),Annual mean,mcg/m3,CD,306,Park Slope and Carroll Gardens (CD6),2024,2024-01-01T00:00:00.000,7.261788252
979454,1425,Fine particles (PM 2.5),Annual mean,mcg/m3,CD,305,East New York and Starrett City (CD5),2024,2024-01-01T00:00:00.000,6.235700565
979455,1425,Fine particles (PM 2.5),Annual mean,mcg/m3,CD,304,Bushwick (CD4),2024,2024-01-01T00:00:00.000,6.918548546
979456,1425,Fine particles (PM 2.5),Annual mean,mcg/m3,CD,303,Bedford Stuyvesant (CD3),2024,2024-01-01T00:00:00.000,6.803259367
979457,1425,Fine particles (PM 2.5),Annual mean,mcg/m3,CD,302,Fort Greene and Brooklyn Heights (CD2),2024,2024-01-01T00:00:00.000,7.233200605
979458,1425,Fine particles (PM 2.5),Annual mean,mcg/m3,CD,301,Greenpoint and Williamsburg (CD1),2024,2024-01-01T00:00:00.000,7.500324881
979459,1425,Fine particles (PM 2.5),Annual mean,mcg/m3,CD,212,Williamsbridge and Baychester (CD12),2024,2024-01-01T00:00:00.000,6.165169668
979460,1425,Fine particles (PM 2.5),Annual mean,mcg/m3,CD,211,Morris Park and Bronxdale (CD11),2024,2024-01-01T00:00:00.000,6.309033124
979509,1427,Fine particles (PM 2.5),Winter mean,mcg/m3,CD,101,Financial District (CD1),2024,2024-01-01T00:00:00.000,7.520667783
979510,1427,Fine particles (PM 2.5),Winter mean,mcg/m3,CD,102,Greenwich Village and Soho (CD2),2024,2024-01-01T00:00:00.000,8.297951577
979511,1427,Fine particles (PM 2.5),Winter mean,mcg/m3,CD,103,Lower East Side and Chinatown (CD3),2024,2024-01-01T00:00:00.000,7.490820958
979512,1427,Fine particles (PM 2.5),Winter mean,mcg/m3,CD,104,Clinton and Chelsea (CD4),2024,2024-01-01T00:00:00.000,7.971873214
979513,1427,Fine particles (PM 2.5),Winter mean,mcg/m3,CD,105,Midtown (CD5),2024,2024-01-01T00:00:00.000,8.835047515
979514,1427,Fine particles (PM 2.5),Winter mean,mcg/m3,CD,106,Stuyvesant Town and Turtle Bay (CD6),2024,2024-01-01T00:00:00.000,7.646378834
979515,1427,Fine particles (PM 2.5),Winter mean,mcg/m3,CD,107,Upper West Side (CD7),2024,2024-01-01T00:00:00.000,6.748582207
979516,1427,Fine particles (PM 2.5),Winter mean,mcg/m3,CD,108,Upper East Side (CD8),2024,2024-01-01T00:00:00.000,6.853331336
979517,1427,Fine particles (PM 2.5),Winter mean,mcg/m3,CD,109,Morningside Heights and Hamilton Heights (CD9),2024,2024-01-01T00:00:00.000,6.721043816
979518,1427,Fine particles (PM 2.5),Winter mean,mcg/m3,CD,110,Central Harlem (CD10),2024,2024-01-01T00:00:00.000,6.688121978
979519,1427,Fine particles (PM 2.5),Winter mean,mcg/m3,CD,111,East Harlem (CD11),2024,2024-01-01T00:00:00.000,6.579343901
979520,1427,Fine particles (PM 2.5),Winter mean,mcg/m3,CD,112,Washington Heights and Inwood (CD12),2024,2024-01-01T00:00:00.000,6.466488157
979521,1427,Fine particles (PM 2.5),Winter mean,mcg/m3,CD,201,Mott Haven and Melrose (CD1),2024,2024-01-01T00:00:00.000,6.617794562
979522,1427,Fine particles (PM 2.5),Winter mean,mcg/m3,CD,202,Hunts Point and Longwood (CD2),2024,2024-01-01T00:00:00.000,6.757083589
979523,1427,Fine particles (PM 2.5),Winter mean,mcg/m3,CD,203,Morrisania and Crotona (CD3),2024,2024-01-01T00:00:00.000,6.446792929
979524,1427,Fine particles (PM 2.5),Winter mean,mcg/m3,CD,204,Highbridge and Concourse (CD4),2024,2024-01-01T00:00:00.000,6.389451246
979525,1427,Fine particles (PM 2.5),Winter mean,mcg/m3,CD,205,Fordham and University Heights (CD5),2024,2024-01-01T00:00:00.000,6.277665492
979526,1427,Fine particles (PM 2.5),Winter mean,mcg/m3,CD,206,Belmont and East Tremont (CD6),2024,2024-01-01T00:00:00.000,6.265965408
979527,1427,Fine particles (PM 2.5),Winter mean,mcg/m3,CD,207,Kingsbridge Heights and Bedford (CD7),2024,2024-01-01T00:00:00.000,6.154005689
979528,1427,Fine particles (PM 2.5),Winter mean,mcg/m3,CD,208,Riverdale and Fieldston (CD8),2024,2024-01-01T00:00:00.000,6.146036273
979529,1427,Fine particles (PM 2.5),Winter mean,mcg/m3,CD,209,Parkchester and Soundview (CD9),2024,2024-01-01T00:00:00.000,6.059080866
979530,1427,Fine particles (PM 2.5),Winter mean,mcg/m3,CD,210,Throgs Neck and Co-op City (CD10),2024,2024-01-01T00:00:00.000,5.595536371
979531,1427,Fine particles (PM 2.5),Winter mean,mcg/m3,CD,211,Morris Park and Bronxdale (CD11),2024,2024-01-01T00:00:00.000,5.890158226
979532,1427,Fine particles (PM 2.5),Winter mean,mcg/m3,CD,212,Williamsbridge and Baychester (CD12),2024,2024-01-01T00:00:00.000,5.779040718
979533,1427,Fine particles (PM 2.5),Winter mean,mcg/m3,CD,301,Greenpoint and Williamsburg (CD1),2024,2024-01-01T00:00:00.000,7.181422166
979534,1427,Fine particles (PM 2.5),Winter mean,mcg/m3,CD,302,Fort Greene and Brooklyn Heights (CD2),2024,2024-01-01T00:00:00.000,6.993135809
979535,1427,Fine particles (PM 2.5),Winter mean,mcg/m3,CD,303,Bedford Stuyvesant (CD3),2024,2024-01-01T00:00:00.000,6.625677195
979536,1427,Fine particles (PM 2.5),Winter mean,mcg/m3,CD,304,Bushwick (CD4),2024,2024-01-01T00:00:00.000,6.653231741
979537,1427,Fine particles (PM 2.5),Winter mean,mcg/m3,CD,305,East New York and Starrett City (CD5),2024,2024-01-01T00:00:00.000,6.078499068
979538,1427,Fine particles (PM 2.5),Winter mean,mcg/m3,CD,306,Park Slope and Carroll Gardens (CD6),2024,2024-01-01T00:00:00.000,7.029929661
979539,1427,Fine particles (PM 2.5),Winter mean,mcg/m3,CD,307,Sunset Park (CD7),2024,2024-01-01T00:00:00.000,6.837237434
979540,1427,Fine particles (PM 2.5),Winter mean,mcg/m3,CD,308,Crown Heights and Prospect Heights (CD8),2024,2024-01-01T00:00:00.000,6.581414498
979541,1427,Fine particles (PM 2.5),Winter mean,mcg/m3,CD,309,South Crown Heights and Lefferts Gardens (CD9),2024,2024-01-01T00:00:00.000,6.244001597
979542,1427,Fine particles (PM 2.5),Winter mean,mcg/m3,CD,310,Bay Ridge and Dyker Heights (CD10),2024,2024-01-01T00:00:00.000,6.298140364
979543,1427,Fine particles (PM 2.5),Winter mean,mcg/m3,CD,311,Bensonhurst (CD11),2024,2024-01-01T00:00:00.000,6.021931968
979544,1427,Fine particles (PM 2.5),Winter mean,mcg/m3,CD,312,Borough Park (CD12),2024,2024-01-01T00:00:00.000,6.272137802
979545,1427,Fine particles (PM 2.5),Winter mean,mcg/m3,CD,313,Coney Island (CD13),2024,2024-01-01T00:00:00.000,5.797703004
979546,1427,Fine particles (PM 2.5),Winter mean,mcg/m3,CD,314,Flatbush and Midwood (CD14),2024,2024-01-01T00:00:00.000,6.091012246
979547,1427,Fine particles (PM 2.5),Winter mean,mcg/m3,CD,315,Sheepshead Bay (CD15),2024,2024-01-01T00:00:00.000,5.75501656
979548,1427,Fine particles (PM 2.5),Winter mean,mcg/m3,CD,316,Brownsville (CD16),2024,2024-01-01T00:00:00.000,6.222497617
979549,1427,Fine particles (PM 2.5),Winter mean,mcg/m3,CD,317,East Flatbush (CD17),2024,2024-01-01T00:00:00.000,6.143947991
979550,1427,Fine particles (PM 2.5),Winter mean,mcg/m3,CD,318,Flatlands and Canarsie (CD18),2024,2024-01-01T00:00:00.000,5.761038625
979551,1427,Fine particles (PM 2.5),Winter mean,mcg/m3,CD,401,Long Island City and Astoria (CD1),2024,2024-01-01T00:00:00.000,6.631512048
979552,1427,Fine particles (PM 2.5),Winter mean,mcg/m3,CD,402,Woodside and Sunnyside (CD2),2024,2024-01-01T00:00:00.000,7.051481948
979553,1427,Fine particles (PM 2.5),Winter mean,mcg/m3,CD,403,Jackson Heights (CD3),2024,2024-01-01T00:00:00.000,6.160547201
979554,1427,Fine particles (PM 2.5),Winter mean,mcg/m3,CD,404,Elmhurst and Corona (CD4),2024,2024-01-01T00:00:00.000,6.224210215
979555,1427,Fine particles (PM 2.5),Winter mean,mcg/m3,CD,405,Ridgewood and Maspeth (CD5),2024,2024-01-01T00:00:00.000,6.376737292
979556,1427,Fine particles (PM 2.5),Winter mean,mcg/m3,CD,406,Rego Park and Forest Hills (CD6),2024,2024-01-01T00:00:00.000,5.752098774
979557,1427,Fine particles (PM 2.5),Winter mean,mcg/m3,CD,407,Flushing and Whitestone (CD7),2024,2024-01-01T00:00:00.000,5.606065419
979558,1427,Fine particles (PM 2.5),Winter mean,mcg/m3,CD,408,Hillcrest and Fresh Meadows (CD8),2024,2024-01-01T00:00:00.000,5.293633443
979559,1427,Fine particles (PM 2.5),Winter mean,mcg/m3,CD,409,Kew Gardens and Woodhaven (CD9),2024,2024-01-01T00:00:00.000,5.834643642
979560,1427,Fine particles (PM 2.5),Winter mean,mcg/m3,CD,410,South Ozone Park and Howard Beach (CD10),2024,2024-01-01T00:00:00.000,5.51344052
979561,1427,Fine particles (PM 2.5),Winter mean,mcg/m3,CD,411,Bayside and Little Neck (CD11),2024,2024-01-01T00:00:00.000,5.039174904
979562,1427,Fine particles (PM 2.5),Winter mean,mcg/m3,CD,412,Jamaica and Hollis (CD12),2024,2024-01-01T00:00:00.000,5.370816358
979563,1427,Fine particles (PM 2.5),Winter mean,mcg/m3,CD,413,Queens Village (CD13),2024,2024-01-01T00:00:00.000,5.00204624
979564,1427,Fine particles (PM 2.5),Winter mean,mcg/m3,CD,414,Rockaway and Broad Channel (CD14),2024,2024-01-01T00:00:00.000,5.098495519
979565,1427,Fine particles (PM 2.5),Winter mean,mcg/m3,CD,501,St. George and Stapleton (CD1),2024,2024-01-01T00:00:00.000,6.286674897
979566,1427,Fine particles (PM 2.5),Winter mean,mcg/m3,CD,502,South Beach and Willowbrook (CD2),2024,2024-01-01T00:00:00.000,5.93163362
979567,1427,Fine particles (PM 2.5),Winter mean,mcg/m3,CD,503,Tottenville and Great Kills (CD3),2024,2024-01-01T00:00:00.000,5.569132986
